{
  "bertscore": {
    "qwen2.5-3b": {
      "f1": 0.9137080907821655,
      "f1_std": 0.024976462125778198,
      "n": 300
    },
    "smollm3-3b": {
      "f1": 0.9145346879959106,
      "f1_std": 0.027004098519682884,
      "n": 300
    },
    "phi3.5-mini": {
      "f1": 0.8249650597572327,
      "f1_std": 0.01317562349140644,
      "n": 300
    },
    "claude-opus-4-7": {
      "f1": 0.897681474685669,
      "f1_std": 0.022621138021349907,
      "n": 300
    }
  },
  "perplexity": {
    "qwen2.5-3b": {
      "perplexity": 1.219676486596595,
      "avg_loss": 0.19858564865925538,
      "n": 300,
      "skipped": 0
    },
    "smollm3-3b": {
      "perplexity": 1.2345280760645339,
      "avg_loss": 0.21068877240761213,
      "n": 300,
      "skipped": 0
    },
    "phi3.5-mini": {
      "perplexity": 4.700569944129694,
      "avg_loss": 1.547683766072488,
      "n": 300,
      "skipped": 0
    }
  },
  "task_relevance": {
    "qwen2.5-3b": {
      "json_valid": 0.9866666666666667,
      "task_type_match": 0.8533333333333334,
      "items_count_ok": 0.8633333333333333,
      "has_answers": 0.95
    },
    "smollm3-3b": {
      "json_valid": 0.96,
      "task_type_match": 0.8366666666666667,
      "items_count_ok": 0.8566666666666667,
      "has_answers": 0.94
    },
    "phi3.5-mini": {
      "json_valid": 0.8066666666666666,
      "task_type_match": 0.8,
      "items_count_ok": 0.01,
      "has_answers": 0.8
    },
    "claude-opus-4-7": {
      "json_valid": 1.0,
      "task_type_match": 1.0,
      "items_count_ok": 1.0,
      "has_answers": 1.0
    },
    "baseline_fib_v2": {
      "json_valid": 1.0,
      "task_type_match": 0.2733333333333333,
      "items_count_ok": 1.0,
      "has_answers": 1.0
    },
    "baseline_recon_v2": {
      "json_valid": 1.0,
      "task_type_match": 0.25,
      "items_count_ok": 1.0,
      "has_answers": 1.0
    }
  },
  "methods": {
    "llm": [
      "qwen2.5-3b",
      "smollm3-3b",
      "phi3.5-mini",
      "claude-opus-4-7"
    ],
    "baseline": [
      "baseline_fib_v2",
      "baseline_recon_v2"
    ]
  }
}